Workbook

Sheet eDNA_data_ALL
A1: Date | B1: Year | C1: Reef | D1: ReefName | E1: Site_name | F1: Site_No | G1: Lat | H1: Long | I1: Voyage | J1: Project | K1: Collection organisation | L1: Collection vessel | M1: Reef_rep | N1: Site_rep | O1: PCR1_binary | P1: PCR2_binary | Q1: LOD_sample_positive | R1: PCR1_conc | S1: PCR2_conc | T1: Conc_mean
A2: 43591 | B2: 2019 | C2: Bait Reef | D2: Bait Reef (19-137) | E2: Bait1 | F2: 1 | G2: -19.794267 | H2: 149.07665 | I2: AIMSeDNA19-01 | J2: AIMS Appropriation | K2: AIMS | L2: RV Cape Ferguson | M2: 1 | N2: 1 | O2: 1 | P2: 0 | Q2: 1 | R2: 71.869911 | S2: 0 | T2: 35.934956
A3: 43591 | B3: 2019 | C3: Bait Reef | D3: Bait Reef (19-137) | E3: Bait1 | F3: 1 | G3: -19.793783 | H3: 149.07488 | I3: AIMSeDNA19-01 | J3: AIMS Appropriation | K3: AIMS | L3: RV Cape Ferguson | M3: 2 | N3: 2 | O3: 0 | P3: 1 | Q3: 1 | R3: 0 | S3: 74.693915 | T3: 37.346958
A4: 43591 | B4: 2019 | C4: Bait Reef | D4: Bait Reef (19-137) | E4: Bait1 | F4: 1 | G4: -19.79255 | H4: 149.0717 | I4: AIMSeDNA19-01 | J4: AIMS Appropriation | K4: AIMS | L4: RV Cape Ferguson | M4: 3 | N4: 3 | O4: 0 | P4: 0 | Q4: 0 | R4: 0 | S4: 0 | T4: 0
A5: 43591 | B5: 2019 | C5: Bait Reef | D5: Bait Reef (19-137) | E5: Bait1 | F5: 1 | G5: -19.793633 | H5: 149.06847 | I5: AIMSeDNA19-01 | J5: AIMS Appropriation | K5: AIMS | L5: RV Cape Ferguson | M5: 4 | N5: 4 | O5: 0 | P5: 0 | Q5: 0 | R5: 0 | S5: 0 | T5: 0
A6: 43591 | B6: 2019 | C6: Bait Reef | D6: Bait Reef (19-137) | E6: Bait1 | F6: 1 | G6: -19.797183 | H6: 149.0664 | I6: AIMSeDNA19-01 | J6: AIMS Appropriation | K6: AIMS | L6: RV Cape Ferguson | M6: 5 | N6: 5 | O6: 0 | P6: 0 | Q6: 0 | R6: 0 | S6: 0 | T6: 0
A7: 43591 | B7: 2019 | C7: Bait Reef | D7: Bait Reef (19-137) | E7: Bait1 | F7: 1 | G7: -19.800633 | H7: 149.0644 | I7: AIMSeDNA19-01 | J7: AIMS Appropriation | K7: AIMS | L7: RV Cape Ferguson | M7: 6 | N7: 6 | O7: 0 | P7: 0 | Q7: 0 | R7: 0 | S7: 0 | T7: 0
A8: 43591 | B8: 2019 | C8: Bait Reef | D8: Bait Reef (19-137) | E8: Bait1 | F8: 1 | G8: -19.803217 | H8: 149.06387 | I8: AIMSeDNA19-01 | J8: AIMS Appropriation | K8: AIMS | L8: RV Cape Ferguson | M8: 7 | N8: 7 | O8: 0 | P8: 0 | Q8: 0 | R8: 0 | S8: 0 | T8: 0
A9: 43591 | B9: 2019 | C9: Bait Reef | D9: Bait Reef (19-137) | E9: Bait1 | F9: 1 | G9: -19.806833 | H9: 149.06527 | I9: AIMSeDNA19-01 | J9: AIMS Appropriation | K9: AIMS | L9: RV Cape Ferguson | M9: 8 | N9: 8 | O9: 0 | P9: 0 | Q9: 0 | R9: 0 | S9: 0 | T9: 0
A10: 43591 | B10: 2019 | C10: Bait Reef | D10: Bait Reef (19-137) | E10: Bait1 | F10: 1 | G10: -19.806833 | H10: 149.06527 | I10: AIMSeDNA19-01 | J10: AIMS Appropriation | K10: AIMS | L10: RV Cape Ferguson | M10: 9 | N10: 9 | O10: 0 | P10: 0 | Q10: 0 | R10: 0 | S10: 0 | T10: 0
A11: 43592 | B11: 2019 | C11: Elizabeth Reef | D11: Elizabeth Reef (19-082) | E11: ER1 | F11: 1 | G11: -19.3294 | H11: 149.05355 | I11: AIMSeDNA19-01 | J11: AIMS Appropriation | K11: AIMS | L11: RV Cape Ferguson | M11: 1 | N11: 1 | O11: 0 | P11: 0 | Q11: 0 | R11: 0 | S11: 0 | T11: 0
A12: 43592 | B12: 2019 | C12: Elizabeth Reef | D12: Elizabeth Reef (19-082) | E12: ER1 | F12: 1 | G12: -19.3294 | H12: 149.05355 | I12: AIMSeDNA19-01 | J12: AIMS Appropriation | K12: AIMS | L12: RV Cape Ferguson | M12: 2 | N12: 2 | O12: 0 | P12: 0 | Q12: 0 | R12: 0 | S12: 0 | T12: 0
A13: 43592 | B13: 2019 | C13: Elizabeth Reef | D13: Elizabeth Reef (19-082) | E13: ER1 | F13: 1 | G13: -19.3294 | H13: 149.05355 | I13: AIMSeDNA19-01 | J13: AIMS Appropriation | K13: AIMS | L13: RV Cape Ferguson | M13: 3 | N13: 3 | O13: 0 | P13: 0 | Q13: 0 | R13: 0 | S13: 0 | T13: 0
... A798: 44093 | B798: 2020 | C798: Kelso Reef | D798: Kelso Reef (18-030) | E798: SW Corner | F798: 2 | G798: -18.44582 | H798: 146.99535 | I798: JCUeDNA21-01 | J798: LIRS CoTS Research Grant 2020 | K798: JCU | L798: JCU Charter | M798: 28 | N798: 13 | O798: 0 | P798: 0 | Q798: 0 | R798: 0 | S798: 0 | T798: 0
A799: 44093 | B799: 2020 | C799: Kelso Reef | D799: Kelso Reef (18-030) | E799: SW Corner | F799: 2 | G799: -18.44582 | H799: 146.99535 | I799: JCUeDNA21-01 | J799: LIRS CoTS Research Grant 2020 | K799: JCU | L799: JCU Charter | M799: 29 | N799: 14 | O799: 0 | P799: 1 | Q799: 1 | R799: ND | S799: 38.90874 | T799: 38.90874
A800: 44093 | B800: 2020 | C800: Kelso Reef | D800: Kelso Reef (18-030) | E800: SW Corner | F800: 2 | G800: -18.44582 | H800: 146.99535 | I800: JCUeDNA21-01 | J800: LIRS CoTS Research Grant 2020 | K800: JCU | L800: JCU Charter | M800: 30 | N800: 15 | O800: 1 | P800: 0 | Q800: 1 | R800: 22.65275 | S800: 0 | T800: 11.326375
A801: 44093 | B801: 2020 | C801: Rib Reef | D801: Rib Reef (18-032) | E801: North | F801: 1 | G801: -18.4755 | H801: 146.86903 | I801: JCUeDNA21-01 | J801: LIRS CoTS Research Grant 2020 | K801: JCU | L801: JCU Charter | M801: 1 | N801: 1 | O801: 0 | P801: 1 | Q801: 1 | R801: 0 | S801: 19.599677 | T801: 9.7998383
A802: 44093 | B802: 2020 | C802: Rib Reef | D802: Rib Reef (18-032) | E802: North | F802: 1 | G802: -18.4755 | H802: 146.86903 | I802: JCUeDNA21-01 | J802: LIRS CoTS Research Grant 2020 | K802: JCU | L802: JCU Charter | M802: 2 | N802: 2 | O802: 1 | P802: 0 | Q802: 1 | R802: 47.018075 | S802: 0 | T802: 23.509037
A803: 44093 | B803: 2020 | C803: Rib Reef | D803: Rib Reef (18-032) | E803: North | F803: 1 | G803: -18.4755 | H803: 146.86903 | I803: JCUeDNA21-01 | J803: LIRS CoTS Research Grant 2020 | K803: JCU | L803: JCU Charter | M803: 3 | N803: 3 | O803: 0 | P803: 1 | Q803: 1 | R803: 0 | S803: 25.201983 | T803: 12.600992
A804: 44093 | B804: 2020 | C804: Rib Reef | D804: Rib Reef (18-032) | E804: North | F804: 1 | G804: -18.4755 | H804: 146.86903 | I804: JCUeDNA21-01 | J804: LIRS CoTS Research Grant 2020 | K804: JCU | L804: JCU Charter | M804: 4 | N804: 4 | O804: 0 | P804: 1 | Q804: 1 | R804: 0 | S804: 47.901897 | T804: 23.950948
A805: 44093 | B805: 2020 | C805: Rib Reef | D805: Rib Reef (18-032) | E805: North | F805: 1 | G805: -18.4755 | H805: 146.86903 | I805: JCUeDNA21-01 | J805: LIRS CoTS Research Grant 2020 | K805: JCU | L805: JCU Charter | M805: 5 | N805: 5 | O805: 1 | P805: 1 | Q805: 1 | R805: 26.512013 | S805: 24.174881 | T805: 25.343447
A806: 44093 | B806: 2020 | C806: Rib Reef | D806: Rib Reef (18-032) | E806: North | F806: 1 | G806: -18.4755 | H806: 146.86903 | I806: JCUeDNA21-01 | J806: LIRS CoTS Research Grant 2020 | K806: JCU | L806: JCU Charter | M806: 6 | N806: 6 | O806: 1 | P806: 1 | Q806: 1 | R806: 18.284739 | S806: 72.440292 | T806: 45.362516
A807: 44093 | B807: 2020 | C807: Rib Reef | D807: Rib Reef (18-032) | E807: North | F807: 1 | G807: -18.4755 | H807: 146.86903 | I807: JCUeDNA21-01 | J807: LIRS CoTS Research Grant 2020 | K807: JCU | L807: JCU Charter | M807: 7 | N807: 7 | O807: 1 | P807: 1 | Q807: 1 | R807: 53.097815 | S807: 22.171761 | T807: 37.634788
A808: 44093 | B808: 2020 | C808: Rib Reef | D808: Rib Reef (18-032) | E808: North | F808: 1 | G808: -18.4755 | H808: 146.86903 | I808: JCUeDNA21-01 | J808: LIRS CoTS Research Grant 2020 | K808: JCU | L808: JCU Charter | M808: 8 | N808: 8 | O808: 0 | P808: 0 | Q808: 0 | R808: 0 | S808: 0 | T808: 0
A809: 44093 | B809: 2020 | C809: Rib Reef | D809: Rib Reef (18-032) | E809: North | F809: 1 | G809: -18.4755 | H809: 146.86903 | I809: JCUeDNA21-01 | J809: LIRS CoTS Research Grant 2020 | K809: JCU | L809: JCU Charter | M809: 9 | N809: 9 | O809: 1 | P809: 0 | Q809: 1 | R809: 97.770348 | S809: 0 | T809: 48.885174
A810: 44093 | B810: 2020 | C810: Rib Reef | D810: Rib Reef (18-032) | E810: North | F810: 1 | G810: -18.4755 | H810: 146.86903 | I810: JCUeDNA21-01 | J810: LIRS CoTS Research Grant 2020 | K810: JCU | L810: JCU Charter | M810: 10 | N810: 10 | O810: 1 | P810: 1 | Q810: 1 | R810: 84.744865 | S810: 21.374182 | T810: 53.059524
A811: 44093 | B811: 2020 | C811: Rib Reef | D811: Rib Reef (18-032) | E811: North | F811: 1 | G811: -18.4755 | H811: 146.86903 | I811: JCUeDNA21-01 | J811: LIRS CoTS Research Grant 2020 | K811: JCU | L811: JCU Charter | M811: 11 | N811: 11 | O811: 1 | P811: 1 | Q811: 1 | R811: 79.5226 | S811: 43.97199 | T811: 61.747295
... A2249: 44700 | B2249: 2022 | C2249: Thetford Reef | D2249: Thetford Reef (16-068) | E2249: THEDNA2 | F2249: 2 | G2249: -16.80655 | H2249: 146.188 | I2249: AIMSeDNA22-03 | J2249: CCIP-D-03 | K2249: AIMS | L2249: RV Cape Ferguson | M2249: 24 | N2249: 12 | O2249: 0 | P2249: 0 | Q2249: 0 | R2249: 0 | S2249: 0 | T2249: 0
A2250: 44700 | B2250: 2022 | C2250: Thetford Reef | D2250: Thetford Reef (16-068) | E2250: THEDNA3 | F2250: 3 | G2250: -16.79915 | H2250: 146.18912 | I2250: AIMSeDNA22-03 | J2250: CCIP-D-03 | K2250: AIMS | L2250: RV Cape Ferguson | M2250: 25 | N2250: 1 | O2250: 0 | P2250: 0 | Q2250: 0 | R2250: 0 | S2250: ND | T2250: 0
A2251: 44700 | B2251: 2022 | C2251: Thetford Reef | D2251: Thetford Reef (16-068) | E2251: THEDNA3 | F2251: 3 | G2251: -16.79915 | H2251: 146.18912 | I2251: AIMSeDNA22-03 | J2251: CCIP-D-03 | K2251: AIMS | L2251: RV Cape Ferguson | M2251: 26 | N2251: 2 | O2251: 0 | P2251: 0 | Q2251: 0 | R2251: 0 | S2251: 0 | T2251: 0
A2252: 44700 | B2252: 2022 | C2252: Thetford Reef | D2252: Thetford Reef (16-068) | E2252: THEDNA3 | F2252: 3 | G2252: -16.79915 | H2252: 146.18912 | I2252: AIMSeDNA22-03 | J2252: CCIP-D-03 | K2252: AIMS | L2252: RV Cape Ferguson | M2252: 27 | N2252: 3 | O2252: 0 | P2252: 0 | Q2252: 0 | R2252: 0 | S2252: 0 | T2252: 0
A2253: 44700 | B2253: 2022 | C2253: Thetford Reef | D2253: Thetford Reef (16-068) | E2253: THEDNA3 | F2253: 3 | G2253: -16.79915 | H2253: 146.18912 | I2253: AIMSeDNA22-03 | J2253: CCIP-D-03 | K2253: AIMS | L2253: RV Cape Ferguson | M2253: 28 | N2253: 4 | O2253: 0 | P2253: 0 | Q2253: 0 | R2253: 0 | S2253: 0 | T2253: 0
A2254: 44700 | B2254: 2022 | C2254: Thetford Reef | D2254: Thetford Reef (16-068) | E2254: THEDNA3 | F2254: 3 | G2254: -16.79915 | H2254: 146.18912 | I2254: AIMSeDNA22-03 | J2254: CCIP-D-03 | K2254: AIMS | L2254: RV Cape Ferguson | M2254: 29 | N2254: 5 | O2254: 0 | P2254: 0 | Q2254: 0 | R2254: 0 | S2254: 0 | T2254: 0
A2255: 44700 | B2255: 2022 | C2255: Thetford Reef | D2255: Thetford Reef (16-068) | E2255: THEDNA3 | F2255: 3 | G2255: -16.79915 | H2255: 146.18912 | I2255: AIMSeDNA22-03 | J2255: CCIP-D-03 | K2255: AIMS | L2255: RV Cape Ferguson | M2255: 30 | N2255: 6 | O2255: 0 | P2255: 0 | Q2255: 0 | R2255: 0 | S2255: 0 | T2255: 0
A2256: 44700 | B2256: 2022 | C2256: Thetford Reef | D2256: Thetford Reef (16-068) | E2256: THEDNA3 | F2256: 3 | G2256: -16.79915 | H2256: 146.18912 | I2256: AIMSeDNA22-03 | J2256: CCIP-D-03 | K2256: AIMS | L2256: RV Cape Ferguson | M2256: 31 | N2256: 7 | O2256: 0 | P2256: 0 | Q2256: 0 | R2256: 0 | S2256: 0 | T2256: 0
A2257: 44700 | B2257: 2022 | C2257: Thetford Reef | D2257: Thetford Reef (16-068) | E2257: THEDNA3 | F2257: 3 | G2257: -16.79915 | H2257: 146.18912 | I2257: AIMSeDNA22-03 | J2257: CCIP-D-03 | K2257: AIMS | L2257: RV Cape Ferguson | M2257: 32 | N2257: 8 | O2257: 0 | P2257: 0 | Q2257: 0 | R2257: 0 | S2257: 0 | T2257: 0
A2258: 44700 | B2258: 2022 | C2258: Thetford Reef | D2258: Thetford Reef (16-068) | E2258: THEDNA3 | F2258: 3 | G2258: -16.79915 | H2258: 146.18912 | I2258: AIMSeDNA22-03 | J2258: CCIP-D-03 | K2258: AIMS | L2258: RV Cape Ferguson | M2258: 33 | N2258: 9 | O2258: 0 | P2258: 0 | Q2258: 0 | R2258: 0 | S2258: 0 | T2258: 0
A2259: 44700 | B2259: 2022 | C2259: Thetford Reef | D2259: Thetford Reef (16-068) | E2259: THEDNA3 | F2259: 3 | G2259: -16.79915 | H2259: 146.18912 | I2259: AIMSeDNA22-03 | J2259: CCIP-D-03 | K2259: AIMS | L2259: RV Cape Ferguson | M2259: 34 | N2259: 10 | O2259: 0 | P2259: 0 | Q2259: 0 | R2259: 0 | S2259: 0 | T2259: 0
A2260: 44700 | B2260: 2022 | C2260: Thetford Reef | D2260: Thetford Reef (16-068) | E2260: THEDNA3 | F2260: 3 | G2260: -16.79915 | H2260: 146.18912 | I2260: AIMSeDNA22-03 | J2260: CCIP-D-03 | K2260: AIMS | L2260: RV Cape Ferguson | M2260: 35 | N2260: 11 | O2260: 0 | P2260: 0 | Q2260: 0 | R2260: 0 | S2260: 0 | T2260: 0
A2261: 44700 | B2261: 2022 | C2261: Thetford Reef | D2261: Thetford Reef (16-068) | E2261: THEDNA3 | F2261: 3 | G2261: -16.79915 | H2261: 146.18912 | I2261: AIMSeDNA22-03 | J2261: CCIP-D-03 | K2261: AIMS | L2261: RV Cape Ferguson | M2261: 36 | N2261: 12 | O2261: 0 | P2261: 0 | Q2261: 0 | R2261: 0 | S2261: 0 | T2261: 0
A2262: 44701 | B2262: 2022 | C2262: Moore Reef | D2262: Moore Reef (16-071) | E2262: MOEDNA1 | F2262: 1 | G2262: -16.864083 | H2262: 146.23963 | I2262: AIMSeDNA22-03 | J2262: CCIP-D-03 | K2262: AIMS | L2262: RV Cape Ferguson | M2262: 1 | N2262: 1 | O2262: 0 | P2262: 0 | Q2262: 0 | R2262: 0 | S2262: 0 | T2262: 0
... A2879: 44866 | B2879: 2022 | C2879: McSweeney Reef | D2879: McSweeney Reef (11-016) | E2879: Northern edge | F2879: 3 | G2879: -11.0188 | H2879: 143.24352 | I2879: JCUeDNA23-01 | J2879: CCIP-P-04 | K2879: JCU | L2879: JCU Charter | M2879: 36 | N2879: 12 | O2879: 1 | P2879: 1 | Q2879: 1 | R2879: 796.96964 | S2879: 718.67501 | T2879: 757.82233
A2880: 44922 | B2880: 2022 | C2880: Davies Reef | D2880: Davies Reef (18-096) | E2880: DREDNA1 | F2880: 1 | G2880: -18.826283 | H2880: 147.6294 | I2880: AIMSeDNA23-02 | J2880: CCIP-D-03 | K2880: AIMS | L2880: RV Solander | M2880: 1 | N2880: 1 | O2880: ND | P2880: 1 | Q2880: 1 | R2880: ND | S2880: 73.254704 | T2880: 73.254704
A2881: 44922 | B2881: 2022 | C2881: Davies Reef | D2881: Davies Reef (18-096) | E2881: DREDNA1 | F2881: 1 | G2881: -18.826283 | H2881: 147.6294 | I2881: AIMSeDNA23-02 | J2881: CCIP-D-03 | K2881: AIMS | L2881: RV Solander | M2881: 2 | N2881: 2 | O2881: 0 | P2881: 1 | Q2881: 1 | R2881: 0 | S2881: 56.838901 | T2881: 28.419451
A2882: 44922 | B2882: 2022 | C2882: Davies Reef | D2882: Davies Reef (18-096) | E2882: DREDNA1 | F2882: 1 | G2882: -18.826283 | H2882: 147.6294 | I2882: AIMSeDNA23-02 | J2882: CCIP-D-03 | K2882: AIMS | L2882: RV Solander | M2882: 3 | N2882: 3 | O2882: 1 | P2882: 1 | Q2882: 1 | R2882: 25.889687 | S2882: 27.941351 | T2882: 26.915519
A2883: 44922 | B2883: 2022 | C2883: Davies Reef | D2883: Davies Reef (18-096) | E2883: DREDNA1 | F2883: 1 | G2883: -18.826283 | H2883: 147.6294 | I2883: AIMSeDNA23-02 | J2883: CCIP-D-03 | K2883: AIMS | L2883: RV Solander | M2883: 4 | N2883: 4 | O2883: 0 | P2883: 1 | Q2883: 1 | R2883: 0 | S2883: 24.171569 | T2883: 12.085785
A2884: 44922 | B2884: 2022 | C2884: Davies Reef | D2884: Davies Reef (18-096) | E2884: DREDNA1 | F2884: 1 | G2884: -18.826283 | H2884: 147.6294 | I2884: AIMSeDNA23-02 | J2884: CCIP-D-03 | K2884: AIMS | L2884: RV Solander | M2884: 5 | N2884: 5 | O2884: 1 | P2884: 1 | Q2884: 1 | R2884: 85.912085 | S2884: 72.10975 | T2884: 79.010917
A2885: 44922 | B2885: 2022 | C2885: Davies Reef | D2885: Davies Reef (18-096) | E2885: DREDNA1 | F2885: 1 | G2885: -18.826283 | H2885: 147.6294 | I2885: AIMSeDNA23-02 | J2885: CCIP-D-03 | K2885: AIMS | L2885: RV Solander | M2885: 6 | N2885: 6 | O2885: 1 | P2885: ND | Q2885: 1 | R2885: 53.618105 | S2885: ND | T2885: 53.618105
A2886: 44922 | B2886: 2022 | C2886: Davies Reef | D2886: Davies Reef (18-096) | E2886: DREDNA1 | F2886: 1 | G2886: -18.826283 | H2886: 147.6294 | I2886: AIMSeDNA23-02 | J2886: CCIP-D-03 | K2886: AIMS | L2886: RV Solander | M2886: 7 | N2886: 7 | O2886: ND | P2886: ND | Q2886: 0 | R2886: ND | S2886: ND | T2886: ND
A2887: 44922 | B2887: 2022 | C2887: Davies Reef | D2887: Davies Reef (18-096) | E2887: DREDNA1 | F2887: 1 | G2887: -18.826283 | H2887: 147.6294 | I2887: AIMSeDNA23-02 | J2887: CCIP-D-03 | K2887: AIMS | L2887: RV Solander | M2887: 8 | N2887: 8 | O2887: 1 | P2887: 1 | Q2887: 1 | R2887: 48.701692 | S2887: 71.476932 | T2887: 60.089312
A2888: 44922 | B2888: 2022 | C2888: Davies Reef | D2888: Davies Reef (18-096) | E2888: DREDNA1 | F2888: 1 | G2888: -18.826283 | H2888: 147.6294 | I2888: AIMSeDNA23-02 | J2888: CCIP-D-03 | K2888: AIMS | L2888: RV Solander | M2888: 9 | N2888: 9 | O2888: 0 | P2888: 1 | Q2888: 1 | R2888: 0 | S2888: 49.935083 | T2888: 24.967542
A2889: 44922 | B2889: 2022 | C2889: Davies Reef | D2889: Davies Reef (18-096) | E2889: DREDNA1 | F2889: 1 | G2889: -18.826283 | H2889: 147.6294 | I2889: AIMSeDNA23-02 | J2889: CCIP-D-03 | K2889: AIMS | L2889: RV Solander | M2889: 10 | N2889: 10 | O2889: ND | P2889: 0 | Q2889: 0 | R2889: ND | S2889: 0 | T2889: 0
A2890: 44922 | B2890: 2022 | C2890: Davies Reef | D2890: Davies Reef (18-096) | E2890: DREDNA1 | F2890: 1 | G2890: -18.826283 | H2890: 147.6294 | I2890: AIMSeDNA23-02 | J2890: CCIP-D-03 | K2890: AIMS | L2890: RV Solander | M2890: 11 | N2890: 11 | O2890: 1 | P2890: 1 | Q2890: 1 | R2890: 30.781543 | S2890: 63.487194 | T2890: 47.134368
A2891: 44922 | B2891: 2022 | C2891: Davies Reef | D2891: Davies Reef (18-096) | E2891: DREDNA1 | F2891: 1 | G2891: -18.826283 | H2891: 147.6294 | I2891: AIMSeDNA23-02 | J2891: CCIP-D-03 | K2891: AIMS | L2891: RV Solander | M2891: 12 | N2891: 12 | O2891: 1 | P2891: 1 | Q2891: 1 | R2891: 31.072868 | S2891: 62.351592 | T2891: 46.71223
A2892: 44922 | B2892: 2022 | C2892: Davies Reef | D2892: Davies Reef (18-096) | E2892: DREDNA2 | F2892: 2 | G2892: -18.830867 | H2892: 147.63548 | I2892: AIMSeDNA23-02 | J2892: CCIP-D-03 | K2892: AIMS | L2892: RV Solander | M2892: 13 | N2892: 1 | O2892: 1 | P2892: 1 | Q2892: 1 | R2892: 78.91362 | S2892: 76.761389 | T2892: 77.837504
A2893: 44922 | B2893: 2022 | C2893: Davies Reef | D2893: Davies Reef (18-096) | E2893: DREDNA2 | F2893: 2 | G2893: -18.830867 | H2893: 147.63548 | I2893: AIMSeDNA23-02 | J2893: CCIP-D-03 | K2893: AIMS | L2893: RV Solander | M2893: 14 | N2893: 2 | O2893: 1 | P2893: 1 | Q2893: 1 | R2893: 79.964921 | S2893: 117.07007 | T2893: 98.517497
A2894: 44922 | B2894: 2022 | C2894: Davies Reef | D2894: Davies Reef (18-096) | E2894: DREDNA2 | F2894: 2 | G2894: -18.830867 | H2894: 147.63548 | I2894: AIMSeDNA23-02 | J2894: CCIP-D-03 | K2894: AIMS | L2894: RV Solander | M2894: 15 | N2894: 3 | O2894: 1 | P2894: 1 | Q2894: 1 | R2894: 112.83544 | S2894: 47.477683 | T2894: 80.15656
A2895: 44922 | B2895: 2022 | C2895: Davies Reef | D2895: Davies Reef (18-096) | E2895: DREDNA2 | F2895: 2 | G2895: -18.830867 | H2895: 147.63548 | I2895: AIMSeDNA23-02 | J2895: CCIP-D-03 | K2895: AIMS | L2895: RV Solander | M2895: 16 | N2895: 4 | O2895: 1 | P2895: 1 | Q2895: 1 | R2895: 159.32701 | S2895: 95.72584 | T2895: 127.52642
A2896: 44922 | B2896: 2022 | C2896: Davies Reef | D2896: Davies Reef (18-096) | E2896: DREDNA2 | F2896: 2 | G2896: -18.830867 | H2896: 147.63548 | I2896: AIMSeDNA23-02 | J2896: CCIP-D-03 | K2896: AIMS | L2896: RV Solander | M2896: 17 | N2896: 5 | O2896: 1 | P2896: 1 | Q2896: 1 | R2896: 97.95759 | S2896: 123.83591 | T2896: 110.89675
A2897: 44922 | B2897: 2022 | C2897: Davies Reef | D2897: Davies Reef (18-096) | E2897: DREDNA2 | F2897: 2 | G2897: -18.830867 | H2897: 147.63548 | I2897: AIMSeDNA23-02 | J2897: CCIP-D-03 | K2897: AIMS | L2897: RV Solander | M2897: 18 | N2897: 6 | O2897: 1 | P2897: 1 | Q2897: 1 | R2897: 83.140835 | S2897: 65.196486 | T2897: 74.16866
A2898: 44922 | B2898: 2022 | C2898: Davies Reef | D2898: Davies Reef (18-096) | E2898: DREDNA2 | F2898: 2 | G2898: -18.830867 | H2898: 147.63548 | I2898: AIMSeDNA23-02 | J2898: CCIP-D-03 | K2898: AIMS | L2898: RV Solander | M2898: 19 | N2898: 7 | O2898: 1 | P2898: 1 | Q2898: 1 | R2898: 80.073774 | S2898: 49.978691 | T2898: 65.026233
A2899: 44922 | B2899: 2022 | C2899: Davies Reef | D2899: Davies Reef (18-096) | E2899: DREDNA2 | F2899: 2 | G2899: -18.830867 | H2899: 147.63548 | I2899: AIMSeDNA23-02 | J2899: CCIP-D-03 | K2899: AIMS | L2899: RV Solander | M2899: 20 | N2899: 8 | O2899: 1 | P2899: 1 | Q2899: 1 | R2899: 87.706858 | S2899: 86.537004 | T2899: 87.121931
A2900: 44922 | B2900: 2022 | C2900: Davies Reef | D2900: Davies Reef (18-096) | E2900: DREDNA2 | F2900: 2 | G2900: -18.830867 | H2900: 147.63548 | I2900: AIMSeDNA23-02 | J2900: CCIP-D-03 | K2900: AIMS | L2900: RV Solander | M2900: 21 | N2900: 9 | O2900: 1 | P2900: 1 | Q2900: 1 | R2900: 206.39285 | S2900: 209.61615 | T2900: 208.0045
A2901: 44922 | B2901: 2022 | C2901: Davies Reef | D2901: Davies Reef (18-096) | E2901: DREDNA2 | F2901: 2 | G2901: -18.830867 | H2901: 147.63548 | I2901: AIMSeDNA23-02 | J2901: CCIP-D-03 | K2901: AIMS | L2901: RV Solander | M2901: 22 | N2901: 10 | O2901: 1 | P2901: 1 | Q2901: 1 | R2901: 161.34455 | S2901: 156.39703 | T2901: 158.87079
... A5156: 45700 | B5156: 2025 | C5156: 21-093 | D5156: U/N Reef (21-093) | E5156: 21-093eDNA4 | F5156: 4 | G5156: -21.037549 | H5156: 151.10151 | I5156: FMPCRS 2025-02 | J5156: CCIP-RT-02 | K5156: RJFMP | L5156: Reef Resilience | M5156: 24 | N5156: 6 | O5156: 0 | P5156: 0 | Q5156: 0 | R5156: 0 | S5156: 0 | T5156: 0
A5157: 45749 | B5157: 2025 | C5157: Banfield Reef (North) | D5157: Banfield Reef (North) (18-105a) | E5157: BanNeDNA_1 | F5157: 1 | G5157: -18.92697 | H5157: 147.90227 | I5157: 136 | J5157: CCIP-RT-02 | K5157: Pacific Marine Group | L5157: Odyssey | M5157: 1 | N5157: 1 | O5157: 0 | P5157: 0 | Q5157: 0 | R5157: 0 | S5157: 0 | T5157: 0
A5158: 45749 | B5158: 2025 | C5158: Banfield Reef (North) | D5158: Banfield Reef (North) (18-105a) | E5158: BanNeDNA_1 | F5158: 1 | G5158: -18.92697 | H5158: 147.90227 | I5158: 136 | J5158: CCIP-RT-02 | K5158: Pacific Marine Group | L5158: Odyssey | M5158: 2 | N5158: 2 | O5158: 0 | P5158: 1 | Q5158: 1 | R5158: 0 | S5158: 16.00967 | T5158: 8.0048349
A5159: 45749 | B5159: 2025 | C5159: Banfield Reef (North) | D5159: Banfield Reef (North) (18-105a) | E5159: BanNeDNA_1 | F5159: 1 | G5159: -18.92697 | H5159: 147.90227 | I5159: 136 | J5159: CCIP-RT-02 | K5159: Pacific Marine Group | L5159: Odyssey | M5159: 3 | N5159: 3 | O5159: 0 | P5159: 0 | Q5159: 0 | R5159: 0 | S5159: 0 | T5159: 0
A5160: 45749 | B5160: 2025 | C5160: Banfield Reef (North) | D5160: Banfield Reef (North) (18-105a) | E5160: BanNeDNA_1 | F5160: 1 | G5160: -18.92697 | H5160: 147.90227 | I5160: 136 | J5160: CCIP-RT-02 | K5160: Pacific Marine Group | L5160: Odyssey | M5160: 4 | N5160: 4 | O5160: 0 | P5160: 0 | Q5160: 0 | R5160: 0 | S5160: 0 | T5160: 0
A5161: 45749 | B5161: 2025 | C5161: Banfield Reef (North) | D5161: Banfield Reef (North) (18-105a) | E5161: BanNeDNA_1 | F5161: 1 | G5161: -18.92697 | H5161: 147.90227 | I5161: 136 | J5161: CCIP-RT-02 | K5161: Pacific Marine Group | L5161: Odyssey | M5161: 5 | N5161: 5 | O5161: 0 | P5161: 0 | Q5161: 0 | R5161: 0 | S5161: 0 | T5161: 0
A5162: 45749 | B5162: 2025 | C5162: Banfield Reef (North) | D5162: Banfield Reef (North) (18-105a) | E5162: BanNeDNA_1 | F5162: 1 | G5162: -18.92697 | H5162: 147.90227 | I5162: 136 | J5162: CCIP-RT-02 | K5162: Pacific Marine Group | L5162: Odyssey | M5162: 6 | N5162: 6 | O5162: 0 | P5162: 1 | Q5162: 1 | R5162: 0 | S5162: 16.123765 | T5162: 8.0618827
A5163: 45749 | B5163: 2025 | C5163: Banfield Reef (North) | D5163: Banfield Reef (North) (18-105a) | E5163: BanNeDNA_2 | F5163: 2 | G5163: -18.92849 | H5163: 147.90172 | I5163: 136 | J5163: CCIP-RT-02 | K5163: Pacific Marine Group | L5163: Odyssey | M5163: 7 | N5163: 1 | O5163: 1 | P5163: 1 | Q5163: 1 | R5163: 31.629805 | S5163: 96.182361 | T5163: 63.906083
A5164: 45749 | B5164: 2025 | C5164: Banfield Reef (North) | D5164: Banfield Reef (North) (18-105a) | E5164: BanNeDNA_2 | F5164: 2 | G5164: -18.92849 | H5164: 147.90172 | I5164: 136 | J5164: CCIP-RT-02 | K5164: Pacific Marine Group | L5164: Odyssey | M5164: 8 | N5164: 2 | O5164: 1 | P5164: 1 | Q5164: 1 | R5164: 98.284936 | S5164: 64.552568 | T5164: 81.418752
A5165: 45749 | B5165: 2025 | C5165: Banfield Reef (North) | D5165: Banfield Reef (North) (18-105a) | E5165: BanNeDNA_2 | F5165: 2 | G5165: -18.92849 | H5165: 147.90172 | I5165: 136 | J5165: CCIP-RT-02 | K5165: Pacific Marine Group | L5165: Odyssey | M5165: 9 | N5165: 3 | O5165: 1 | P5165: 1 | Q5165: 1 | R5165: 49.622659 | S5165: 48.707297 | T5165: 49.164978
A5166: 45749 | B5166: 2025 | C5166: Banfield Reef (North) | D5166: Banfield Reef (North) (18-105a) | E5166: BanNeDNA_2 | F5166: 2 | G5166: -18.92849 | H5166: 147.90172 | I5166: 136 | J5166: CCIP-RT-02 | K5166: Pacific Marine Group | L5166: Odyssey | M5166: 10 | N5166: 4 | O5166: 1 | P5166: 1 | Q5166: 1 | R5166: 49.802381 | S5166: 85.38968 | T5166: 67.59603
A5167: 45749 | B5167: 2025 | C5167: Banfield Reef (North) | D5167: Banfield Reef (North) (18-105a) | E5167: BanNeDNA_2 | F5167: 2 | G5167: -18.92849 | H5167: 147.90172 | I5167: 136 | J5167: CCIP-RT-02 | K5167: Pacific Marine Group | L5167: Odyssey | M5167: 11 | N5167: 5 | O5167: 1 | P5167: 1 | Q5167: 1 | R5167: 95.583254 | S5167: 60.205753 | T5167: 77.894504
A5168: 45749 | B5168: 2025 | C5168: Banfield Reef (North) | D5168: Banfield Reef (North) (18-105a) | E5168: BanNeDNA_2 | F5168: 2 | G5168: -18.92849 | H5168: 147.90172 | I5168: 136 | J5168: CCIP-RT-02 | K5168: Pacific Marine Group | L5168: Odyssey | M5168: 12 | N5168: 6 | O5168: 1 | P5168: 1 | Q5168: 1 | R5168: 45.490904 | S5168: 48.882687 | T5168: 47.186796
... A5252: 45759 | B5252: 2025 | C5252: 21-466 | D5252: U/N Reef (21-466) | E5252: 21-466eDNA_4 | F5252: 4 | G5252: -21.82241 | H5252: 151.99297 | I5252: 41 | J5252: CCIP-RT-02 | K5252: Blue Planet Marine | L5252: Infamis | M5252: 24 | N5252: 6 | O5252: 0 | P5252: 0 | Q5252: 0 | R5252: 0 | S5252: 0 | T5252: 0
A5253: 45806 | B5253: 2025 | C5253: 13-093 | D5253: U/N Reef (13-093a) | E5253: 13-093EDNA1 | F5253: 1 | G5253: -13.753183 | H5253: 143.98173 | I5253: AIMSeDNA25-04 | J5253: AIMS Appropriation | K5253: AIMS | L5253: RV Solander | M5253: 1 | N5253: 1 | O5253: 1 | P5253: 1 | Q5253: 1 | R5253: 16.847236 | S5253: 16.024207 | T5253: 16.435722
A5254: 45806 | B5254: 2025 | C5254: 13-093 | D5254: U/N Reef (13-093a) | E5254: 13-093EDNA1 | F5254: 1 | G5254: -13.753183 | H5254: 143.98173 | I5254: AIMSeDNA25-04 | J5254: AIMS Appropriation | K5254: AIMS | L5254: RV Solander | M5254: 2 | N5254: 2 | O5254: 1 | P5254: 1 | Q5254: 1 | R5254: 30.49563 | S5254: 94.470334 | T5254: 62.482982
A5255: 45806 | B5255: 2025 | C5255: 13-093 | D5255: U/N Reef (13-093a) | E5255: 13-093EDNA1 | F5255: 1 | G5255: -13.753183 | H5255: 143.98173 | I5255: AIMSeDNA25-04 | J5255: AIMS Appropriation | K5255: AIMS | L5255: RV Solander | M5255: 3 | N5255: 3 | O5255: 1 | P5255: 1 | Q5255: 1 | R5255: 94.230723 | S5255: 31.290498 | T5255: 62.760611
A5256: 45806 | B5256: 2025 | C5256: 13-093 | D5256: U/N Reef (13-093a) | E5256: 13-093EDNA1 | F5256: 1 | G5256: -13.753183 | H5256: 143.98173 | I5256: AIMSeDNA25-04 | J5256: AIMS Appropriation | K5256: AIMS | L5256: RV Solander | M5256: 4 | N5256: 4 | O5256: 1 | P5256: 1 | Q5256: 1 | R5256: 32.85466 | S5256: 30.852851 | T5256: 31.853756
A5257: 45806 | B5257: 2025 | C5257: 13-093 | D5257: U/N Reef (13-093a) | E5257: 13-093EDNA1 | F5257: 1 | G5257: -13.753183 | H5257: 143.98173 | I5257: AIMSeDNA25-04 | J5257: AIMS Appropriation | K5257: AIMS | L5257: RV Solander | M5257: 5 | N5257: 5 | O5257: 1 | P5257: 1 | Q5257: 1 | R5257: 64.080825 | S5257: 82.287928 | T5257: 73.184377
A5258: 45806 | B5258: 2025 | C5258: 13-093 | D5258: U/N Reef (13-093a) | E5258: 13-093EDNA1 | F5258: 1 | G5258: -13.753183 | H5258: 143.98173 | I5258: AIMSeDNA25-04 | J5258: AIMS Appropriation | K5258: AIMS | L5258: RV Solander | M5258: 6 | N5258: 6 | O5258: 1 | P5258: 1 | Q5258: 1 | R5258: 64.472973 | S5258: 32.553142 | T5258: 48.513057
A5259: 45806 | B5259: 2025 | C5259: 13-093 | D5259: U/N Reef (13-093a) | E5259: 13-093EDNA1 | F5259: 1 | G5259: -13.753183 | H5259: 143.98173 | I5259: AIMSeDNA25-04 | J5259: AIMS Appropriation | K5259: AIMS | L5259: RV Solander | M5259: 7 | N5259: 7 | O5259: 1 | P5259: 1 | Q5259: 1 | R5259: 16.291221 | S5259: 31.720774 | T5259: 24.005998
A5260: 45806 | B5260: 2025 | C5260: 13-093 | D5260: U/N Reef (13-093a) | E5260: 13-093EDNA1 | F5260: 1 | G5260: -13.753183 | H5260: 143.98173 | I5260: AIMSeDNA25-04 | J5260: AIMS Appropriation | K5260: AIMS | L5260: RV Solander | M5260: 8 | N5260: 8 | O5260: 1 | P5260: 1 | Q5260: 1 | R5260: 63.693425 | S5260: 33.463653 | T5260: 48.578539
A5261: 45806 | B5261: 2025 | C5261: 13-093 | D5261: U/N Reef (13-093a) | E5261: 13-093EDNA1 | F5261: 1 | G5261: -13.753183 | H5261: 143.98173 | I5261: AIMSeDNA25-04 | J5261: AIMS Appropriation | K5261: AIMS | L5261: RV Solander | M5261: 9 | N5261: 9 | O5261: 1 | P5261: 0 | Q5261: 1 | R5261: 15.596508 | S5261: 0 | T5261: 7.7982539
A5262: 45806 | B5262: 2025 | C5262: 13-093 | D5262: U/N Reef (13-093a) | E5262: 13-093EDNA1 | F5262: 1 | G5262: -13.753183 | H5262: 143.98173 | I5262: AIMSeDNA25-04 | J5262: AIMS Appropriation | K5262: AIMS | L5262: RV Solander | M5262: 10 | N5262: 10 | O5262: 1 | P5262: 1 | Q5262: 1 | R5262: 61.819187 | S5262: 106.18194 | T5262: 84.000564
A5263: 45806 | B5263: 2025 | C5263: 13-093 | D5263: U/N Reef (13-093a) | E5263: 13-093EDNA1 | F5263: 1 | G5263: -13.753183 | H5263: 143.98173 | I5263: AIMSeDNA25-04 | J5263: AIMS Appropriation | K5263: AIMS | L5263: RV Solander | M5263: 11 | N5263: 11 | O5263: 1 | P5263: 1 | Q5263: 1 | R5263: 48.776852 | S5263: 47.314323 | T5263: 48.045588
A5264: 45806 | B5264: 2025 | C5264: 13-093 | D5264: U/N Reef (13-093a) | E5264: 13-093EDNA1 | F5264: 1 | G5264: -13.753183 | H5264: 143.98173 | I5264: AIMSeDNA25-04 | J5264: AIMS Appropriation | K5264: AIMS | L5264: RV Solander | M5264: 12 | N5264: 12 | O5264: 1 | P5264: 1 | Q5264: 1 | R5264: 110.60271 | S5264: 31.59017 | T5264: 71.096442
... A6044: 45872 | B6044: 2025 | C6044: Bowden Reef | D6044: Bowden Reef (19-019) | E6044: BREDNA4 | F6044: 4 | G6044: -19.0267 | H6044: 147.93517 | I6044: AIMSeDNA26-01 | J6044: AIMS Appropriation | K6044: AIMS | L6044: RV Cape Ferguson | M6044: 42 | N6044: 6 | O6044: 0 | P6044: 1 | Q6044: 1 | R6044: 0 | S6044: 17.411568 | T6044: 8.7057838
A6045: 45873 | B6045: 2025 | C6045: Banfield Reef (North) | D6045: Banfield Reef (North) (18-105a) | E6045: BanNeDNA_1 | F6045: 1 | G6045: -18.91894 | H6045: 147.89695 | I6045: 142 | J6045: CCIP-RT-02 | K6045: Pacific Marine Group | L6045: Odyssey | M6045: 1 | N6045: 1 | O6045: 1 | P6045: 1 | Q6045: 1 | R6045: 31.156531 | S6045: 15.683835 | T6045: 23.420183
A6046: 45873 | B6046: 2025 | C6046: Banfield Reef (North) | D6046: Banfield Reef (North) (18-105a) | E6046: BanNeDNA_1 | F6046: 1 | G6046: -18.91894 | H6046: 147.89695 | I6046: 142 | J6046: CCIP-RT-02 | K6046: Pacific Marine Group | L6046: Odyssey | M6046: 2 | N6046: 2 | O6046: 1 | P6046: 1 | Q6046: 1 | R6046: 15.835124 | S6046: 79.275209 | T6046: 47.555166
A6047: 45873 | B6047: 2025 | C6047: Banfield Reef (North) | D6047: Banfield Reef (North) (18-105a) | E6047: BanNeDNA_1 | F6047: 1 | G6047: -18.91894 | H6047: 147.89695 | I6047: 142 | J6047: CCIP-RT-02 | K6047: Pacific Marine Group | L6047: Odyssey | M6047: 3 | N6047: 3 | O6047: 1 | P6047: 1 | Q6047: 1 | R6047: 63.638869 | S6047: 16.011849 | T6047: 39.825359
A6048: 45873 | B6048: 2025 | C6048: Banfield Reef (North) | D6048: Banfield Reef (North) (18-105a) | E6048: BanNeDNA_1 | F6048: 1 | G6048: -18.91894 | H6048: 147.89695 | I6048: 142 | J6048: CCIP-RT-02 | K6048: Pacific Marine Group | L6048: Odyssey | M6048: 4 | N6048: 4 | O6048: 0 | P6048: 1 | Q6048: 1 | R6048: 0 | S6048: 16.505304 | T6048: 8.252652
A6049: 45873 | B6049: 2025 | C6049: Banfield Reef (North) | D6049: Banfield Reef (North) (18-105a) | E6049: BanNeDNA_1 | F6049: 1 | G6049: -18.91894 | H6049: 147.89695 | I6049: 142 | J6049: CCIP-RT-02 | K6049: Pacific Marine Group | L6049: Odyssey | M6049: 5 | N6049: 5 | O6049: 1 | P6049: 1 | Q6049: 1 | R6049: 48.624533 | S6049: 50.306381 | T6049: 49.465457
A6050: 45873 | B6050: 2025 | C6050: Banfield Reef (North) | D6050: Banfield Reef (North) (18-105a) | E6050: BanNeDNA_1 | F6050: 1 | G6050: -18.91894 | H6050: 147.89695 | I6050: 142 | J6050: CCIP-RT-02 | K6050: Pacific Marine Group | L6050: Odyssey | M6050: 6 | N6050: 6 | O6050: 1 | P6050: 1 | Q6050: 1 | R6050: 60.687129 | S6050: 78.977197 | T6050: 69.832163
A6051: 45873 | B6051: 2025 | C6051: Banfield Reef (North) | D6051: Banfield Reef (North) (18-105a) | E6051: BanNeDNA_2 | F6051: 2 | G6051: -18.91952 | H6051: 147.90174 | I6051: 142 | J6051: CCIP-RT-02 | K6051: Pacific Marine Group | L6051: Odyssey | M6051: 7 | N6051: 1 | O6051: 1 | P6051: 1 | Q6051: 1 | R6051: 16.783944 | S6051: 15.723661 | T6051: 16.253803
A6052: 45873 | B6052: 2025 | C6052: Banfield Reef (North) | D6052: Banfield Reef (North) (18-105a) | E6052: BanNeDNA_2 | F6052: 2 | G6052: -18.91952 | H6052: 147.90174 | I6052: 142 | J6052: CCIP-RT-02 | K6052: Pacific Marine Group | L6052: Odyssey | M6052: 8 | N6052: 2 | O6052: 1 | P6052: 1 | Q6052: 1 | R6052: 46.422324 | S6052: 16.426947 | T6052: 31.424635
A6053: 45873 | B6053: 2025 | C6053: Banfield Reef (North) | D6053: Banfield Reef (North) (18-105a) | E6053: BanNeDNA_2 | F6053: 2 | G6053: -18.91952 | H6053: 147.90174 | I6053: 142 | J6053: CCIP-RT-02 | K6053: Pacific Marine Group | L6053: Odyssey | M6053: 9 | N6053: 3 | O6053: 1 | P6053: 1 | Q6053: 1 | R6053: 32.747964 | S6053: 33.141574 | T6053: 32.944769
...

Sheet Spatial data for repository
A1: name | B1: longitude | C1: latitude
A2: =_xlfn.CONCAT(eDNA_data_ALL!D2,"_site",eDNA_data_ALL!F2) -> Bait Reef (19-137)_site1 | B2: =eDNA_data_ALL!H2 -> 149.07665 | C2: =eDNA_data_ALL!G2 -> -19.794267
A3: =_xlfn.CONCAT(eDNA_data_ALL!D3,"_site",eDNA_data_ALL!F3) -> Bait Reef (19-137)_site1 | B3: =eDNA_data_ALL!H3 -> 149.07488 | C3: =eDNA_data_ALL!G3 -> -19.793783
A4: =_xlfn.CONCAT(eDNA_data_ALL!D4,"_site",eDNA_data_ALL!F4) -> Bait Reef (19-137)_site1 | B4: =eDNA_data_ALL!H4 -> 149.0717 | C4: =eDNA_data_ALL!G4 -> -19.79255
A5: =_xlfn.CONCAT(eDNA_data_ALL!D5,"_site",eDNA_data_ALL!F5) -> Bait Reef (19-137)_site1 | B5: =eDNA_data_ALL!H5 -> 149.06847 | C5: =eDNA_data_ALL!G5 -> -19.793633
A6: =_xlfn.CONCAT(eDNA_data_ALL!D6,"_site",eDNA_data_ALL!F6) -> Bait Reef (19-137)_site1 | B6: =eDNA_data_ALL!H6 -> 149.0664 | C6: =eDNA_data_ALL!G6 -> -19.797183
A7: =_xlfn.CONCAT(eDNA_data_ALL!D7,"_site",eDNA_data_ALL!F7) -> Bait Reef (19-137)_site1 | B7: =eDNA_data_ALL!H7 -> 149.0644 | C7: =eDNA_data_ALL!G7 -> -19.800633
A8: =_xlfn.CONCAT(eDNA_data_ALL!D8,"_site",eDNA_data_ALL!F8) -> Bait Reef (19-137)_site1 | B8: =eDNA_data_ALL!H8 -> 149.06387 | C8: =eDNA_data_ALL!G8 -> -19.803217
A9: =_xlfn.CONCAT(eDNA_data_ALL!D9,"_site",eDNA_data_ALL!F9) -> Bait Reef (19-137)_site1 | B9: =eDNA_data_ALL!H9 -> 149.06527 | C9: =eDNA_data_ALL!G9 -> -19.806833
A10: =_xlfn.CONCAT(eDNA_data_ALL!D11,"_site",eDNA_data_ALL!F11) -> Elizabeth Reef (19-082)_site1 | B10: =eDNA_data_ALL!H11 -> 149.05355 | C10: =eDNA_data_ALL!G11 -> -19.3294
A11: =_xlfn.CONCAT(eDNA_data_ALL!D21,"_site",eDNA_data_ALL!F21) -> Elizabeth Reef (19-082)_site2 | B11: =eDNA_data_ALL!H21 -> 149.05045 | C11: =eDNA_data_ALL!G21 -> -19.334333
A12: =_xlfn.CONCAT(eDNA_data_ALL!D29,"_site",eDNA_data_ALL!F29) -> Bowden Reef (19-019)_site1 | B12: =eDNA_data_ALL!H29 -> 147.92628 | C12: =eDNA_data_ALL!G29 -> -19.0381
A13: =_xlfn.CONCAT(eDNA_data_ALL!D39,"_site",eDNA_data_ALL!F39) -> Bowden Reef (19-019)_site2 | B13: =eDNA_data_ALL!H39 -> 147.93625 | C13: =eDNA_data_ALL!G39 -> -19.0308
A14: =_xlfn.CONCAT(eDNA_data_ALL!D89,"_site",eDNA_data_ALL!F89) -> Davies Reef (18-096)_site1 | B14: =eDNA_data_ALL!H89 -> 147.6294 | C14: =eDNA_data_ALL!G89 -> -18.826283
A15: =_xlfn.CONCAT(eDNA_data_ALL!D99,"_site",eDNA_data_ALL!F99) -> Davies Reef (18-096)_site2 | B15: =eDNA_data_ALL!H99 -> 147.63548 | C15: =eDNA_data_ALL!G99 -> -18.830867
A16: =_xlfn.CONCAT(eDNA_data_ALL!D168,"_site",eDNA_data_ALL!F168) -> Lizard Island Reef (Lagoon) (14-116d)_site4 | B16: =eDNA_data_ALL!H168 -> 145.45497 | C16: =eDNA_data_ALL!G168 -> -14.68748
A17: =_xlfn.CONCAT(eDNA_data_ALL!D178,"_site",eDNA_data_ALL!F178) -> Lizard Island Reef (Lagoon) (14-116d)_site1 | B17: =eDNA_data_ALL!H178 -> 145.43935 | C17: =eDNA_data_ALL!G178 -> -14.68384
A18: =_xlfn.CONCAT(eDNA_data_ALL!D228,"_site",eDNA_data_ALL!F228) -> Lizard Island Reef (North East) (14-116b)_site5 | B18: =eDNA_data_ALL!H228 -> 145.4536 | C18: =eDNA_data_ALL!G228 -> -14.64599
A19: =_xlfn.CONCAT(eDNA_data_ALL!D246,"_site",eDNA_data_ALL!F246) -> Lizard Island Reef (North West) (14-116a)_site3 | B19: =eDNA_data_ALL!H246 -> 145.44887 | C19: =eDNA_data_ALL!G246 -> -14.66158
A20: =_xlfn.CONCAT(eDNA_data_ALL!D288,"_site",eDNA_data_ALL!F288) -> Lizard Island Reef (Lagoon) (14-116d)_site2 | B20: =eDNA_data_ALL!H288 -> 145.44092 | C20: =eDNA_data_ALL!G288 -> -14.67435
A21: =_xlfn.CONCAT(eDNA_data_ALL!D333,"_site",eDNA_data_ALL!F333) -> Elizabeth Reef (19-082)_site2 | B21: =eDNA_data_ALL!H333 -> 149.05045 | C21: =eDNA_data_ALL!G333 -> -19.334333
A22: =_xlfn.CONCAT(eDNA_data_ALL!D394,"_site",eDNA_data_ALL!F394) -> Bowden Reef (19-019)_site1 | B22: =eDNA_data_ALL!H394 -> 147.92628 | C22: =eDNA_data_ALL!G394 -> -19.0381
A23: =_xlfn.CONCAT(eDNA_data_ALL!D499,"_site",eDNA_data_ALL!F499) -> Keeper Reef (18-079)_site1 | B23: =eDNA_data_ALL!H499 -> 147.26901 | C23: =eDNA_data_ALL!G499 -> -18.74352
A24: =_xlfn.CONCAT(eDNA_data_ALL!D514,"_site",eDNA_data_ALL!F514) -> Keeper Reef (18-079)_site2 | B24: =eDNA_data_ALL!H514 -> 147.26491 | C24: =eDNA_data_ALL!G514 -> -18.74244
A25: =_xlfn.CONCAT(eDNA_data_ALL!D679,"_site",eDNA_data_ALL!F679) -> Moore Reef (16-071)_site4 | B25: =eDNA_data_ALL!H679 -> 146.19533 | C25: =eDNA_data_ALL!G679 -> -16.88465
A26: =_xlfn.CONCAT(eDNA_data_ALL!D694,"_site",eDNA_data_ALL!F694) -> Moore Reef (16-071)_site5 | B26: =eDNA_data_ALL!H694 -> 146.21861 | C26: =eDNA_data_ALL!G694 -> -16.84737
A27: =_xlfn.CONCAT(eDNA_data_ALL!D711,"_site",eDNA_data_ALL!F711) -> Thetford Reef (16-068)_site4 | B27: =eDNA_data_ALL!H711 -> 146.18799 | C27: =eDNA_data_ALL!G711 -> -16.79705
A28: =_xlfn.CONCAT(eDNA_data_ALL!D726,"_site",eDNA_data_ALL!F726) -> Thetford Reef (16-068)_site5 | B28: =eDNA_data_ALL!H726 -> 146.17595 | C28: =eDNA_data_ALL!G726 -> -16.81035
A29: =_xlfn.CONCAT(eDNA_data_ALL!D741,"_site",eDNA_data_ALL!F741) -> Elford Reef (16-073)_site3 | B29: =eDNA_data_ALL!H741 -> 146.21922 | C29: =eDNA_data_ALL!G741 -> -16.90731
A30: =_xlfn.CONCAT(eDNA_data_ALL!D756,"_site",eDNA_data_ALL!F756) -> Elford Reef (16-073)_site2 | B30: =eDNA_data_ALL!H756 -> 146.25456 | C30: =eDNA_data_ALL!G756 -> -16.91548
A31: =_xlfn.CONCAT(eDNA_data_ALL!D771,"_site",eDNA_data_ALL!F771) -> Kelso Reef (18-030)_site1 | B31: =eDNA_data_ALL!H771 -> 146.98662 | C31: =eDNA_data_ALL!G771 -> -18.43156
A32: =_xlfn.CONCAT(eDNA_data_ALL!D786,"_site",eDNA_data_ALL!F786) -> Kelso Reef (18-030)_site2 | B32: =eDNA_data_ALL!H786 -> 146.99535 | C32: =eDNA_data_ALL!G786 -> -18.44582
A33: =_xlfn.CONCAT(eDNA_data_ALL!D801,"_site",eDNA_data_ALL!F801) -> Rib Reef (18-032)_site1 | B33: =eDNA_data_ALL!H801 -> 146.86903 | C33: =eDNA_data_ALL!G801 -> -18.4755
A34: =_xlfn.CONCAT(eDNA_data_ALL!D816,"_site",eDNA_data_ALL!F816) -> Rib Reef (18-032)_site2 | B34: =eDNA_data_ALL!H816 -> 146.86782 | C34: =eDNA_data_ALL!G816 -> -18.47943
A35: =_xlfn.CONCAT(eDNA_data_ALL!D831,"_site",eDNA_data_ALL!F831) -> Moore Reef (16-071)_site1 | B35: =eDNA_data_ALL!H831 -> 146.23963 | C35: =eDNA_data_ALL!G831 -> -16.864083
A36: =_xlfn.CONCAT(eDNA_data_ALL!D843,"_site",eDNA_data_ALL!F843) -> Moore Reef (16-071)_site2 | B36: =eDNA_data_ALL!H843 -> 146.23637 | C36: =eDNA_data_ALL!G843 -> -16.855183
A37: =_xlfn.CONCAT(eDNA_data_ALL!D855,"_site",eDNA_data_ALL!F855) -> Moore Reef (16-071)_site3 | B37: =eDNA_data_ALL!H855 -> 146.22685 | C37: =eDNA_data_ALL!G855 -> -16.847367
A38: =_xlfn.CONCAT(eDNA_data_ALL!D867,"_site",eDNA_data_ALL!F867) -> Thetford Reef (16-068)_site1 | B38: =eDNA_data_ALL!H867 -> 146.17928 | C38: =eDNA_data_ALL!G867 -> -16.81195
A39: =_xlfn.CONCAT(eDNA_data_ALL!D879,"_site",eDNA_data_ALL!F879) -> Thetford Reef (16-068)_site2 | B39: =eDNA_data_ALL!H879 -> 146.188 | C39: =eDNA_data_ALL!G879 -> -16.80655
A40: =_xlfn.CONCAT(eDNA_data_ALL!D891,"_site",eDNA_data_ALL!F891) -> Thetford Reef (16-068)_site3 | B40: =eDNA_data_ALL!H891 -> 146.18912 | C40: =eDNA_data_ALL!G891 -> -16.79915
A41: =_xlfn.CONCAT(eDNA_data_ALL!D903,"_site",eDNA_data_ALL!F903) -> Green Island Reef (16-049)_site1 | B41: =eDNA_data_ALL!H903 -> 145.9749 | C41: =eDNA_data_ALL!G903 -> -16.75575
A42: =_xlfn.CONCAT(eDNA_data_ALL!D915,"_site",eDNA_data_ALL!F915) -> Green Island Reef (16-049)_site2 | B42: =eDNA_data_ALL!H915 -> 145.96717 | C42: =eDNA_data_ALL!G915 -> -16.759283
A43: =_xlfn.CONCAT(eDNA_data_ALL!D926,"_site",eDNA_data_ALL!F926) -> Green Island Reef (16-049)_site3 | B43: =eDNA_data_ALL!H926 -> 145.96777 | C43: =eDNA_data_ALL!G926 -> -16.762433
A44: =_xlfn.CONCAT(eDNA_data_ALL!D938,"_site",eDNA_data_ALL!F938) -> Batt Reef (16-029)_site1 | B44: =eDNA_data_ALL!H938 -> 145.69695 | C44: =eDNA_data_ALL!G938 -> -16.3662
A45: =_xlfn.CONCAT(eDNA_data_ALL!D950,"_site",eDNA_data_ALL!F950) -> Batt Reef (16-029)_site2 | B45: =eDNA_data_ALL!H950 -> 145.69642 | C45: =eDNA_data_ALL!G950 -> -16.371933
A46: =_xlfn.CONCAT(eDNA_data_ALL!D962,"_site",eDNA_data_ALL!F962) -> Batt Reef (16-029)_site3 | B46: =eDNA_data_ALL!H962 -> 145.69807 | C46: =eDNA_data_ALL!G962 -> -16.37965
A47: =_xlfn.CONCAT(eDNA_data_ALL!D974,"_site",eDNA_data_ALL!F974) -> Tongue Reef (16-026)_site1 | B47: =eDNA_data_ALL!H974 -> 145.66145 | C47: =eDNA_data_ALL!G974 -> -16.2848
A48: =_xlfn.CONCAT(eDNA_data_ALL!D986,"_site",eDNA_data_ALL!F986) -> Tongue Reef (16-026)_site2 | B48: =eDNA_data_ALL!H986 -> 145.66158 | C48: =eDNA_data_ALL!G986 -> -16.263967
A49: =_xlfn.CONCAT(eDNA_data_ALL!D998,"_site",eDNA_data_ALL!F998) -> Tongue Reef (16-026)_site3 | B49: =eDNA_data_ALL!H998 -> 145.65492 | C49: =eDNA_data_ALL!G998 -> -16.261033
A50: =_xlfn.CONCAT(eDNA_data_ALL!D1010,"_site",eDNA_data_ALL!F1010) -> Rudder Reef (16-023)_site1 | B50: =eDNA_data_ALL!H1010 -> 145.68807 | C50: =eDNA_data_ALL!G1010 -> -16.177217
A51: =_xlfn.CONCAT(eDNA_data_ALL!D1022,"_site",eDNA_data_ALL!F1022) -> Rudder Reef (16-023)_site2 | B51: =eDNA_data_ALL!H1022 -> 145.68207 | C51: =eDNA_data_ALL!G1022 -> -16.17615
A52: =_xlfn.CONCAT(eDNA_data_ALL!D1034,"_site",eDNA_data_ALL!F1034) -> Rudder Reef (16-023)_site3 | B52: =eDNA_data_ALL!H1034 -> 145.67332 | C52: =eDNA_data_ALL!G1034 -> -16.178883
A53: =_xlfn.CONCAT(eDNA_data_ALL!D1046,"_site",eDNA_data_ALL!F1046) -> Undine Reef (West) (16-020a)_site1 | B53: =eDNA_data_ALL!H1046 -> 145.63793 | C53: =eDNA_data_ALL!G1046 -> -16.107267
A54: =_xlfn.CONCAT(eDNA_data_ALL!D1058,"_site",eDNA_data_ALL!F1058) -> Undine Reef (West) (16-020a)_site2 | B54: =eDNA_data_ALL!H1058 -> 145.64375 | C54: =eDNA_data_ALL!G1058 -> -16.110033
A55: =_xlfn.CONCAT(eDNA_data_ALL!D1070,"_site",eDNA_data_ALL!F1070) -> Undine Reef (West) (16-020a)_site3 | B55: =eDNA_data_ALL!H1070 -> 145.65097 | C55: =eDNA_data_ALL!G1070 -> -16.11245
A56: =_xlfn.CONCAT(eDNA_data_ALL!D1082,"_site",eDNA_data_ALL!F1082) -> Cairns Reef (15-086)_site1 | B56: =eDNA_data_ALL!H1082 -> 145.48745 | C56: =eDNA_data_ALL!G1082 -> -15.621383
A57: =_xlfn.CONCAT(eDNA_data_ALL!D1094,"_site",eDNA_data_ALL!F1094) -> Cairns Reef (15-086)_site2 | B57: =eDNA_data_ALL!H1094 -> 145.48482 | C57: =eDNA_data_ALL!G1094 -> -15.6237
A58: =_xlfn.CONCAT(eDNA_data_ALL!D1106,"_site",eDNA_data_ALL!F1106) -> Cairns Reef (15-086)_site3 | B58: =eDNA_data_ALL!H1106 -> 145.486 | C58: =eDNA_data_ALL!G1106 -> -15.628067
A59: =_xlfn.CONCAT(eDNA_data_ALL!D1118,"_site",eDNA_data_ALL!F1118) -> Osterlund Reef (15-078)_site1 | B59: =eDNA_data_ALL!H1118 -> 145.49155 | C59: =eDNA_data_ALL!G1118 -> -15.51985
A60: =_xlfn.CONCAT(eDNA_data_ALL!D1130,"_site",eDNA_data_ALL!F1130) -> Osterlund Reef (15-078)_site2 | B60: =eDNA_data_ALL!H1130 -> 145.49073 | C60: =eDNA_data_ALL!G1130 -> -15.5261
A61: =_xlfn.CONCAT(eDNA_data_ALL!D1142,"_site",eDNA_data_ALL!F1142) -> Osterlund Reef (15-078)_site3 | B61: =eDNA_data_ALL!H1142 -> 145.4851 | C61: =eDNA_data_ALL!G1142 -> -15.52435
A62: =_xlfn.CONCAT(eDNA_data_ALL!D1154,"_site",eDNA_data_ALL!F1154) -> Davie Reef (13-130)_site1 | B62: =eDNA_data_ALL!H1154 -> 144.43932 | C62: =eDNA_data_ALL!G1154 -> -13.980283
A63: =_xlfn.CONCAT(eDNA_data_ALL!D1166,"_site",eDNA_data_ALL!F1166) -> Davie Reef (13-130)_site2 | B63: =eDNA_data_ALL!H1166 -> 144.4415 | C63: =eDNA_data_ALL!G1166 -> -13.976017
A64: =_xlfn.CONCAT(eDNA_data_ALL!D1178,"_site",eDNA_data_ALL!F1178) -> Davie Reef (13-130)_site3 | B64: =eDNA_data_ALL!H1178 -> 144.44212 | C64: =eDNA_data_ALL!G1178 -> -13.97155
A65: =_xlfn.CONCAT(eDNA_data_ALL!D1190,"_site",eDNA_data_ALL!F1190) -> Corbett Reef (14-016)_site1 | B65: =eDNA_data_ALL!H1190 -> 144.22278 | C65: =eDNA_data_ALL!G1190 -> -13.9581
A66: =_xlfn.CONCAT(eDNA_data_ALL!D1202,"_site",eDNA_data_ALL!F1202) -> Corbett Reef (14-016)_site2 | B66: =eDNA_data_ALL!H1202 -> 144.22532 | C66: =eDNA_data_ALL!G1202 -> -13.952033
A67: =_xlfn.CONCAT(eDNA_data_ALL!D1214,"_site",eDNA_data_ALL!F1214) -> Corbett Reef (14-016)_site3 | B67: =eDNA_data_ALL!H1214 -> 144.22903 | C67: =eDNA_data_ALL!G1214 -> -13.948217
A68: =_xlfn.CONCAT(eDNA_data_ALL!D1226,"_site",eDNA_data_ALL!F1226) -> U/N Reef (13-124)_site1 | B68: =eDNA_data_ALL!H1226 -> 144.07272 | C68: =eDNA_data_ALL!G1226 -> -13.852683
A69: =_xlfn.CONCAT(eDNA_data_ALL!D1238,"_site",eDNA_data_ALL!F1238) -> U/N Reef (13-124)_site2 | B69: =eDNA_data_ALL!H1238 -> 144.08853 | C69: =eDNA_data_ALL!G1238 -> -13.863133
A70: =_xlfn.CONCAT(eDNA_data_ALL!D1250,"_site",eDNA_data_ALL!F1250) -> U/N Reef (13-124)_site3 | B70: =eDNA_data_ALL!H1250 -> 144.0898 | C70: =eDNA_data_ALL!G1250 -> -13.870383
A71: =_xlfn.CONCAT(eDNA_data_ALL!D1262,"_site",eDNA_data_ALL!F1262) -> Clack Reef (14-017)_site1 | B71: =eDNA_data_ALL!H1262 -> 144.2366 | C71: =eDNA_data_ALL!G1262 -> -14.062033
A72: =_xlfn.CONCAT(eDNA_data_ALL!D1274,"_site",eDNA_data_ALL!F1274) -> Clack Reef (14-017)_site2 | B72: =eDNA_data_ALL!H1274 -> 144.24088 | C72: =eDNA_data_ALL!G1274 -> -14.058817
A73: =_xlfn.CONCAT(eDNA_data_ALL!D1286,"_site",eDNA_data_ALL!F1286) -> Clack Reef (14-017)_site3 | B73: =eDNA_data_ALL!H1286 -> 144.24573 | C73: =eDNA_data_ALL!G1286 -> -14.055667
A74: =_xlfn.CONCAT(eDNA_data_ALL!D1322,"_site",eDNA_data_ALL!F1322) -> Bowden Reef (19-019)_site3 | B74: =eDNA_data_ALL!H1322 -> 147.93388 | C74: =eDNA_data_ALL!G1322 -> -19.021583
A75: =_xlfn.CONCAT(eDNA_data_ALL!D1358,"_site",eDNA_data_ALL!F1358) -> Davies Reef (18-096)_site3 | B75: =eDNA_data_ALL!H1358 -> 147.64487 | C75: =eDNA_data_ALL!G1358 -> -18.823717
A76: =_xlfn.CONCAT(eDNA_data_ALL!D1370,"_site",eDNA_data_ALL!F1370) -> Lizard Island Reef (North West) (14-116a)_site3 | B76: =eDNA_data_ALL!H1370 -> 145.44897 | C76: =eDNA_data_ALL!G1370 -> -14.66136
A77: =_xlfn.CONCAT(eDNA_data_ALL!D1385,"_site",eDNA_data_ALL!F1385) -> Lizard Island Reef (Lagoon) (14-116d)_site2 | B77: =eDNA_data_ALL!H1385 -> 145.44118 | C77: =eDNA_data_ALL!G1385 -> -14.67388
A78: =_xlfn.CONCAT(eDNA_data_ALL!D1415,"_site",eDNA_data_ALL!F1415) -> Yonge Reef (14-138)_site1 | B78: =eDNA_data_ALL!H1415 -> 145.62057 | C78: =eDNA_data_ALL!G1415 -> -14.61787
A79: =_xlfn.CONCAT(eDNA_data_ALL!D1427,"_site",eDNA_data_ALL!F1427) -> Yonge Reef (14-138)_site2 | B79: =eDNA_data_ALL!H1427 -> 145.62558 | C79: =eDNA_data_ALL!G1427 -> -14.60652
A80: =_xlfn.CONCAT(eDNA_data_ALL!D1439,"_site",eDNA_data_ALL!F1439) -> Yonge Reef (14-138)_site3 | B80: =eDNA_data_ALL!H1439 -> 145.62299 | C80: =eDNA_data_ALL!G1439 -> -14.59433
A81: =_xlfn.CONCAT(eDNA_data_ALL!D1451,"_site",eDNA_data_ALL!F1451) -> Lizard Island Reef (Lagoon) (14-116d)_site4 | B81: =eDNA_data_ALL!H1451 -> 145.45502 | C81: =eDNA_data_ALL!G1451 -> -14.68611
A82: =_xlfn.CONCAT(eDNA_data_ALL!D1466,"_site",eDNA_data_ALL!F1466) -> Eyrie Reef (14-118)_site1 | B82: =eDNA_data_ALL!H1466 -> 145.36098 | C82: =eDNA_data_ALL!G1466 -> -14.72482
A83: =_xlfn.CONCAT(eDNA_data_ALL!D1478,"_site",eDNA_data_ALL!F1478) -> Eyrie Reef (14-118)_site2 | B83: =eDNA_data_ALL!H1478 -> 145.37532 | C83: =eDNA_data_ALL!G1478 -> -14.71164
A84: =_xlfn.CONCAT(eDNA_data_ALL!D1490,"_site",eDNA_data_ALL!F1490) -> Eyrie Reef (14-118)_site3 | B84: =eDNA_data_ALL!H1490 -> 145.37263 | C84: =eDNA_data_ALL!G1490 -> -14.69924
A85: =_xlfn.CONCAT(eDNA_data_ALL!D1547,"_site",eDNA_data_ALL!F1547) -> North Direction Reef (14-143)_site1 | B85: =eDNA_data_ALL!H1547 -> 145.50569 | C85: =eDNA_data_ALL!G1547 -> -14.74325
A86: =_xlfn.CONCAT(eDNA_data_ALL!D1559,"_site",eDNA_data_ALL!F1559) -> North Direction Reef (14-143)_site2 | B86: =eDNA_data_ALL!H1559 -> 145.50761 | C86: =eDNA_data_ALL!G1559 -> -14.74042
A87: =_xlfn.CONCAT(eDNA_data_ALL!D1571,"_site",eDNA_data_ALL!F1571) -> North Direction Reef (14-143)_site3 | B87: =eDNA_data_ALL!H1571 -> 145.51317 | C87: =eDNA_data_ALL!G1571 -> -14.74281
A88: =_xlfn.CONCAT(eDNA_data_ALL!D1628,"_site",eDNA_data_ALL!F1628) -> McSweeney Reef (11-016)_site1 | B88: =eDNA_data_ALL!H1628 -> 143.25104 | C88: =eDNA_data_ALL!G1628 -> -11.02092
A89: =_xlfn.CONCAT(eDNA_data_ALL!D1640,"_site",eDNA_data_ALL!F1640) -> McSweeney Reef (11-016)_site2 | B89: =eDNA_data_ALL!H1640 -> 143.25861 | C89: =eDNA_data_ALL!G1640 -> -11.02443
A90: =_xlfn.CONCAT(eDNA_data_ALL!D1652,"_site",eDNA_data_ALL!F1652) -> McSweeney Reef (11-016)_site3 | B90: =eDNA_data_ALL!H1652 -> 143.25703 | C90: =eDNA_data_ALL!G1652 -> -11.03178
A91: =_xlfn.CONCAT(eDNA_data_ALL!D1664,"_site",eDNA_data_ALL!F1664) -> U/N Reef (11-049)_site1 | B91: =eDNA_data_ALL!H1664 -> 143.31979 | C91: =eDNA_data_ALL!G1664 -> -11.35483
A92: =_xlfn.CONCAT(eDNA_data_ALL!D1676,"_site",eDNA_data_ALL!F1676) -> U/N Reef (11-049)_site2 | B92: =eDNA_data_ALL!H1676 -> 143.33063 | C92: =eDNA_data_ALL!G1676 -> -11.35406
A93: =_xlfn.CONCAT(eDNA_data_ALL!D1688,"_site",eDNA_data_ALL!F1688) -> U/N Reef (11-049)_site3 | B93: =eDNA_data_ALL!H1688 -> 143.34691 | C93: =eDNA_data_ALL!G1688 -> -11.36097
A94: =_xlfn.CONCAT(eDNA_data_ALL!D1700,"_site",eDNA_data_ALL!F1700) -> U/N Reef (11-162)_site1 | B94: =eDNA_data_ALL!H1700 -> 143.3031 | C94: =eDNA_data_ALL!G1700 -> -11.60246
A95: =_xlfn.CONCAT(eDNA_data_ALL!D1712,"_site",eDNA_data_ALL!F1712) -> U/N Reef (11-162)_site2 | B95: =eDNA_data_ALL!H1712 -> 143.28914 | C95: =eDNA_data_ALL!G1712 -> -11.59654
A96: =_xlfn.CONCAT(eDNA_data_ALL!D1724,"_site",eDNA_data_ALL!F1724) -> U/N Reef (11-162)_site3 | B96: =eDNA_data_ALL!H1724 -> 143.27824 | C96: =eDNA_data_ALL!G1724 -> -11.60338
A97: =_xlfn.CONCAT(eDNA_data_ALL!D1736,"_site",eDNA_data_ALL!F1736) -> Mer Island_site4 | B97: =eDNA_data_ALL!H1736 -> 144.04867 | C97: =eDNA_data_ALL!G1736 -> -9.929056
A98: =_xlfn.CONCAT(eDNA_data_ALL!D1746,"_site",eDNA_data_ALL!F1746) -> Mer Island_site2 | B98: =eDNA_data_ALL!H1746 -> 144.04741 | C98: =eDNA_data_ALL!G1746 -> -9.90729
A99: =_xlfn.CONCAT(eDNA_data_ALL!D1758,"_site",eDNA_data_ALL!F1758) -> Mer Island_site3 | B99: =eDNA_data_ALL!H1758 -> 144.06015 | C99: =eDNA_data_ALL!G1758 -> -9.90249
A100: =_xlfn.CONCAT(eDNA_data_ALL!D1770,"_site",eDNA_data_ALL!F1770) -> Mer Island_site1 | B100: =eDNA_data_ALL!H1770 -> 144.03878 | C100: =eDNA_data_ALL!G1770 -> -9.922546
...

Sheet eDNAVoyages
A1: Vessel | B1: Voyage | C1: Departure Date | D1: Return Date
A2: RV Cape Ferguson | B2: AIMSeDNA19-01 | C2: 43591 | D2: 43600
A3: LIRS dinghy | B3: AIMSeDNA20-01 | C3: 43701 | D3: 43709
A4: RV Cape Ferguson | B4: AIMSeDNA20-02 | C4: 43963 | D4: 43970
A5: Kirsty K | B5: AIMSeDNA21-01 | C5: 44068 | D5: 44075
A6: JCU Charter | B6: JCUeDNA21-01 | C6: 44088 | D6: 44093
A7: RV Cape Ferguson | B7: AIMSeDNA21-02 | C7: 44329 | D7: 44341
A8: Kirsty K | B8: AIMSeDNA22-01 | C8: 44427 | D8: 44435
A9: JCU Charter | B9: JCUeDNA22-01 | C9: 44527 | D9: 44529
A10: RV Solander | B10: AIMSeDNA22-02 | C10: 44648 | D10: 44654
A11: RV Cape Ferguson | B11: AIMSeDNA22-03 | C11: 44694 | D11: 44705
A12: Kirsty K | B12: AIMSeDNA23-01 | C12: 44793 | D12: 44799
A13: JCU Charter | B13: JCUeDNA23-01 | C13: 44860 | D13: 44866
... A24: Reef Resilience | B24: FMPCRS 2025-02 | C24: 45693 | D24: 45702
A25: Odyssey | B25: 136 | C25: 45747 | D25: 45760
A26: Infamis | B26: 41 | C26: 45751 | D26: 45763
A27: RV Solander | B27: AIMSeDNA25-04 | C27: 45804 | D27: 45817
A28: Odyssey | B28: 142 | C28: 45869 | D28: 45880
A29: RV Cape Ferguson | B29: AIMSeDNA26-01 | C29: 45870 | D29: 45872
A30: Infamis | B30: 45 | C30: 45882 | D30: 45894
A31: Kirsty K | B31: AIMSeDNA26-02 | C31: 45922 | D31: 45928
